Conserved Residue,Conservation
F,0.04096045197740113
P,0.09463276836158192
T,0.0335956416464891
D,0.10209846650524616
D,0.0981638418079096
D,0.16333736884584343
D,0.11813962873284907
K,0.15617433414043583
I,0.5838377723970944
V,0.432909604519774
G,0.5200766747376917
G,0.6296408393866021
Y,0.09907183212267957
T,0.12298224374495562
C,0.10522598870056497
A,0.04630750605326876
A,0.11319612590799032
N,0.12257869249394673
S,0.12368845843422115
I,0.022195318805488296
P,0.8009483454398708
Y,0.24808313155770784
Q,0.37903551251008877
V,0.41767554479418884
S,0.39396690879741725
L,0.505044390637611
N,0.09846650524616626
S,0.09907183212267957
G,0.15405569007263922
S,0.08777239709443099
H,0.408091202582728
F,0.30558918482647296
C,0.8996166263115416
G,0.7814769975786925
G,0.7681598062953995
S,0.3925544794188862
L,0.6549636803874092
I,0.6213680387409201
N,0.10361178369652946
S,0.10280468119451171
Q,0.16696933010492332
W,0.5022195318805488
V,0.6741323648103309
V,0.21600080710250202
S,0.15143260694108152
A,0.8567393058918482
A,0.3121468926553672
H,0.8675343018563357
C,0.899818401937046
Y,0.0898910411622276
K,0.11945117029862792
S,0.1529459241323648
R,0.09110169491525423
I,0.1885593220338983
Q,0.1198547215496368
V,0.6159200968523002
R,0.20611380145278452
L,0.39588377723970947
G,0.8066989507667474
E,0.1772598870056497
H,0.1817998385794996
N,0.17705811138014527
I,0.1172316384180791
D,0.029055690072639227
V,0.07828894269572235
L,0.04116222760290557
E,0.10341000807102502
G,0.09725585149313963
N,0.041868442292171106
E,0.19713478611783697
Q,0.24656981436642453
F,0.07576674737691687
I,0.16817998385794997
N,0.08101291364003228
A,0.07717917675544794
A,0.133272800645682
K,0.10159402744148507
I,0.34130347054075866
I,0.39739709443099275
T,0.03399919289749798
H,0.7287126715092817
P,0.567090395480226
N,0.11511299435028248
F,0.1844229217110573
N,0.23476594027441486
G,0.05084745762711865
N,0.02209443099273608
T,0.13983050847457626
L,0.08565375302663439
D,0.1157183212267958
N,0.5
D,0.9261501210653753
I,0.5994753833736884
M,0.16454802259887005
L,0.658999192897498
I,0.26311541565778856
K,0.33958837772397094
L,0.8415052461662631
S,0.2092413236481033
S,0.19077885391444713
P,0.46378127522195317
A,0.09644874899112187
T,0.06386198547215496
L,0.09644874899112187
N,0.11945117029862792
S,0.07344632768361582
R,0.039749798224374494
V,0.3455407586763519
A,0.039850686037126715
T,0.09301856335754641
V,0.2066182405165456
S,0.04963680387409201
L,0.4608555286521388
P,0.4127320419693301
R,0.024919289749798224
S,0.11561743341404358
C,0.09584342211460856
A,0.07869249394673124
A,0.03904358353510896
A,0.05982647296206618
G,0.1426553672316384
T,0.11854317998385795
E,0.016545601291364002
C,0.21922921711057305
L,0.09231234866828088
I,0.14961662631154157
S,0.13932606941081518
G,0.2768361581920904
W,0.2648305084745763
G,0.270682001614205
N,0.1120863599677159
T,0.15466101694915255
K,0.021791767554479417
S,0.08716707021791767
S,0.0789951573849879
G,0.0645682001614205
S,0.024717514124293787
S,0.11702986279257466
Y,0.07516142050040354
P,0.08585552865213882
S,0.06527441485068604
L,0.06618240516545601
L,0.766545601291364
Q,0.38085149313962874
C,0.10119047619047619
L,0.13186037126715092
K,0.06446731234866829
A,0.09049636803874092
P,0.4141444713478612
V,0.2976190476190476
L,0.1760492332526231
S,0.29317998385794997
D,0.15334947538337368
S,0.09644874899112187
S,0.07173123486682809
C,0.8326271186440678
K,0.07425343018563357
S,0.12187247780468119
S,0.048426150121065374
Y,0.31840193704600483
P,0.14073849878934624
G,0.18301049233252623
Q,0.07778450363196127
I,0.3480629539951574
T,0.2721953188054883
G,0.03470540758676352
N,0.24233252623083132
M,0.5294592413236481
I,0.2597861178369653
C,0.8261702986279258
V,0.07526230831315577
G,0.6409402744148507
F,0.11067393058918483
L,0.0981638418079096
E,0.09281678773204197
G,0.14497578692493945
G,0.20026230831315578
K,0.25191686844229216
D,0.558817594834544
S,0.2806698950766747
C,0.8162832929782082
Q,0.3738902340597256
G,0.6536521388216303
D,0.8651129943502824
S,0.8128531073446328
G,0.8900322841000807
G,0.6634382566585957
P,0.844632768361582
V,0.11955205811138014
V,0.4292776432606941
C,0.36380145278450365
N,0.15587167070217917
G,0.1130952380952381
Q,0.08182001614205003
L,0.40304681194511705
Q,0.12489911218724778
G,0.8504842615012107
I,0.33383777239709445
V,0.45581113801452783
S,0.8092211460855528
W,0.4704398708635997
G,0.6936037126715093
Y,0.07717917675544794
G,0.13761097659402743
C,0.7411218724778047
A,0.31517352703793383
Q,0.06658595641646489
K,0.09927360774818401
N,0.15758676351896692
K,0.1874495560936239
P,0.5935230024213075
G,0.48738902340597257
V,0.5134180790960452
Y,0.14033494753833736
T,0.5326876513317191
K,0.15143260694108152
V,0.4844632768361582
C,0.09029459241323648
N,0.07617029862792575
Y,0.07949959644874899
V,0.06618240516545601
N,0.007768361581920904
W,0.09776029055690072
I,0.09019370460048426
Q,0.040153349475383376
Q,0.014729620661824051
T,0.09019370460048426
I,0.07304277643260694
A,0.07374899112187248
A,0.05942292171105731
N,0.08071025020177562
