Conserved Residue	Conservation
F	0.004167557170335541
P	0.017204530882667237
T	0.01399871767471682
D	0.013250694592861722
D	0.027569993588373583
D	0.09756358196195768
D	0.033661038683479375
K	0.10579183586236375
I	0.49978627911947
V	0.5190211583671724
G	0.6257747381919213
G	0.8417396879675144
Y	0.022974994656977988
T	0.028638597991023723
C	0.029814062833938875
A	0.12021799529814063
A	0.0546056849754221
N	0.0722376576191494
S	0.3428082923701646
I	0.01260953195127164
P	0.4199615302415046
Y	0.16873263517845694
Q	0.41910664671938447
V	0.5011754648429152
S	0.44721094250908316
L	0.3508228253900406
N	0.017952553964522333
S	0.003953836289805514
G	0.17482368027356274
S	0.10547125454156871
H	0.42573199401581535
F	0.26501389185723445
C	0.9428296644582176
G	0.8154520196623211
G	0.8534943363966659
S	0.43321222483436633
L	0.6753579824748878
I	0.2971788843770036
N	0.08602265441333619
S	0.07565719170762984
Q	0.15644368454798033
W	0.5509724300064116
V	0.35862363752938664
V	0.16680914725368667
S	0.06967300705278906
A	0.8963453729429365
A	0.8277409702927976
H	0.9110921136995085
C	0.9373797820047018
Y	0.01699081000213721
K	0.04562940799316093
S	0.10664671938448386
R	0.029600341953408847
I	0.07790126095319513
Q	0.0722376576191494
V	0.44272280401795255
R	0.09905962812566788
L	0.2988886514212439
G	0.5979910237230177
E	0.11786706561231032
H	0.09360974567215218
N	0.10290660397520837
I	0.018486856165847405
D	0.012716392391536654
V	0.021906390254327848
L	0.002030348365035264
E	0.06454370592006839
G	0.08292370164565079
N	0.0637956828382133
E	0.09638811711904254
Q	0.2856379568283821
F	0.020410344090617653
I	0.09147253686685189
N	0.047232314597136144
A	0.0569566146612524
A	0.10173113913229323
K	0.13036973712331695
I	0.2147894849326779
I	0.22889506304765975
T	0.03259243428082924
H	0.7055994870698867
P	0.5948920709553324
N	0.08527463133148108
F	0.22173541354990384
N	0.32720666809147253
G	0.0018166274845052362
N	0.04039324642017525
T	0.11177602051720453
L	0.09243428082923702
D	0.16980123958110707
N	0.5395383628980551
D	0.9780936097456722
I	0.6584740329130156
M	0.09457148963453729
L	0.7567856379568284
I	0.2905535370805728
K	0.3799957255823894
L	0.7907672579611028
S	0.2191707629835435
S	0.1238512502671511
P	0.45191280188074373
A	0.10739474246633895
T	0.11466125240435991
L	0.1623210087625561
N	0.12256892498397093
S	0.018273135285317377
R	0.020089762769822612
V	0.17610600555674288
A	0.06400940371874332
T	0.09211369950844198
V	0.26276982261166915
S	0.05396452233383202
L	0.7105150673220774
P	0.5768326565505449
R	0.05620859157939731
S	0.08944218850181662
C	0.02169266937379782
A	0.03269929472109425
A	0.0837785851677709
A	0.1376362470613379
G	0.46569779867493055
T	0.3198332977131866
E	0.0584526608249626
C	0.43898268860867706
L	0.06571917076298354
I	0.19876041889292584
S	0.2438555246847617
G	0.9558666381705493
W	0.8209019021158367
G	0.9293652489848259
N	0.06636033340457363
T	0.40414618508228256
K	0.016670228681342165
S	0.06774951912801881
S	0.0500106860440265
G	0.004594998931395597
S	0.005236161572985681
S	0.010472323145971362
Y	0.009296858303056208
P	0.07405428510365462
S	0.05054498824535157
L	0.014426159435776876
L	0.6047232314597136
Q	0.35819619576832656
C	0.03750801453301988
L	0.04904894208164138
K	0.04755289591793118
A	0.01837999572558239
P	0.38597991023723016
V	0.3061551613592648
L	0.15719170762983545
S	0.2777302842487711
D	0.10643299850395384
S	0.07608463346868989
S	0.012930113272066682
C	0.8728360760846334
K	0.13325496901047232
S	0.12630904039324642
S	0.013891857234451806
Y	0.28638597991023723
P	0.10012823252831801
G	0.02917290019234879
Q	0.00961743962385125
I	0.1515281042957897
T	0.1808078649284035
G	0.012716392391536654
N	0.09029707202393673
M	0.38020944646291943
I	0.207629835434922
C	0.8833083992306048
V	0.028424877110493695
G	0.5803590510792904
F	0.006732207736695875
L	0.01453301987604189
E	0.021265227612737764
G	0.3191921350715965
G	0.26116691600769393
K	0.13122462064543705
D	0.4940158153451592
S	0.26480017097670444
C	0.8581961957683266
Q	0.27409702927976065
G	0.8910023509296858
D	0.9010472323145972
S	0.8653558452660824
G	0.9334259457148963
G	0.830733062620218
P	0.8911092113699508
V	0.06091045095105792
V	0.4085274631331481
C	0.33436631758922847
N	0.03761487497328489
G	0.09852532592434281
Q	0.09179311818764693
L	0.2580679632400085
Q	0.03836289805513999
G	0.891964094892071
I	0.4655909382346655
V	0.5663603334045736
S	0.8373584099166489
W	0.3007052789057491
G	0.6715110066253474
Y	0.023295575977773028
G	0.3790339816200043
C	0.7198119256251336
A	0.2115836717247275
Q	0.0392177815772601
K	0.028211156229963667
N	0.1238512502671511
K	0.18967728147039967
P	0.7065612310322719
G	0.4876041889292584
V	0.6248129942295362
Y	0.615409275486215
T	0.376576191493909
K	0.049476383842701435
V	0.45992733490061977
C	0.02447104082068818
N	0.030027783714468903
Y	0.2662962171404146
V	0.04979696516349647
N	0.10012823252831801
W	0.7762342380850609
I	0.7172472750587733
Q	0.09745672152169267
Q	0.08324428296644582
T	0.15366531310108997
I	0.1645650780081214
A	0.13026287668305195
A	0.09189997862791195
N	0.12053857661893567
